subject_id,group,roi,category_id,parameter_estimate
sub-01,controls,left_IFGorb,1,0.293194860219955
sub-02,controls,left_IFGorb,1,2.13086158037186
sub-05,controls,left_IFGorb,1,3.4166886806488
sub-11,controls,left_IFGorb,1,0.134118437767029
sub-12,controls,left_IFGorb,1,-4.44661277532578
sub-13,controls,left_IFGorb,1,8.7371826171875
sub-15,controls,left_IFGorb,1,1.32755053043365
sub-20,controls,left_IFGorb,1,0.447471231222153
sub-22,controls,left_IFGorb,1,-1.87611871957779
sub-23,controls,left_IFGorb,1,-3.33311659097672
sub-24,controls,left_IFGorb,1,5.78783082962036
sub-25,controls,left_IFGorb,1,4.02122342586517
sub-01,controls,left_IFGorb,2,1.68648916482925
sub-02,controls,left_IFGorb,2,3.65455424785614
sub-05,controls,left_IFGorb,2,3.68023681640625
sub-11,controls,left_IFGorb,2,0.306289404630661
sub-12,controls,left_IFGorb,2,-4.18539428710938
sub-13,controls,left_IFGorb,2,6.86053395271301
sub-15,controls,left_IFGorb,2,0.839279308915138
sub-20,controls,left_IFGorb,2,1.16008856892586
sub-22,controls,left_IFGorb,2,-0.971597343683243
sub-23,controls,left_IFGorb,2,-0.024071216583252
sub-24,controls,left_IFGorb,2,4.49458909034729
sub-25,controls,left_IFGorb,2,1.81301778554916
sub-01,controls,left_IFGorb,3,0.0510389804840088
sub-02,controls,left_IFGorb,3,2.8127755522728
sub-05,controls,left_IFGorb,3,2.96634954214096
sub-11,controls,left_IFGorb,3,-0.815371975302696
sub-12,controls,left_IFGorb,3,-2.94149923324585
sub-13,controls,left_IFGorb,3,6.27277719974518
sub-15,controls,left_IFGorb,3,-0.417554017156363
sub-20,controls,left_IFGorb,3,0.971329338848591
sub-22,controls,left_IFGorb,3,0.607612088322639
sub-23,controls,left_IFGorb,3,-2.07384124398232
sub-24,controls,left_IFGorb,3,7.22514986991882
sub-25,controls,left_IFGorb,3,3.03321087360382
sub-01,controls,left_IFGorb,4,1.46947461739182
sub-02,controls,left_IFGorb,4,3.64152085781097
sub-05,controls,left_IFGorb,4,5.14605236053467
sub-11,controls,left_IFGorb,4,0.929346058517694
sub-12,controls,left_IFGorb,4,-0.488020479679108
sub-13,controls,left_IFGorb,4,8.19526267051697
sub-15,controls,left_IFGorb,4,2.40736627578735
sub-20,controls,left_IFGorb,4,4.08584368228912
sub-22,controls,left_IFGorb,4,1.49932950735092
sub-23,controls,left_IFGorb,4,2.10138881206512
sub-24,controls,left_IFGorb,4,6.37288808822632
sub-25,controls,left_IFGorb,4,6.71814370155334
sub-01,controls,left_IFGorb,5,-0.858919695019722
sub-02,controls,left_IFGorb,5,4.00670683383942
sub-05,controls,left_IFGorb,5,5.23169612884521
sub-11,controls,left_IFGorb,5,0.37742891907692
sub-12,controls,left_IFGorb,5,0.167311131954193
sub-13,controls,left_IFGorb,5,7.87935662269592
sub-15,controls,left_IFGorb,5,2.51239106059074
sub-20,controls,left_IFGorb,5,3.71532070636749
sub-22,controls,left_IFGorb,5,1.44543009996414
sub-23,controls,left_IFGorb,5,4.27041387557983
sub-24,controls,left_IFGorb,5,8.15793561935425
sub-25,controls,left_IFGorb,5,9.39896106719971
sub-01,controls,left_IFGorb,6,0.745192378759384
sub-02,controls,left_IFGorb,6,2.84415006637573
sub-05,controls,left_IFGorb,6,5.68810796737671
sub-11,controls,left_IFGorb,6,-1.40375417470932
sub-12,controls,left_IFGorb,6,2.65974122285843
sub-13,controls,left_IFGorb,6,5.4993839263916
sub-15,controls,left_IFGorb,6,1.85057258605957
sub-20,controls,left_IFGorb,6,3.63005721569061
sub-22,controls,left_IFGorb,6,1.30052050948143
sub-23,controls,left_IFGorb,6,-0.172756403684616
sub-24,controls,left_IFGorb,6,7.55082058906555
sub-25,controls,left_IFGorb,6,3.36655420064926
sub-03,logicians,left_IFGorb,1,5.15963089466095
sub-06,logicians,left_IFGorb,1,2.49403810501099
sub-07,logicians,left_IFGorb,1,2.09390898048878
sub-08,logicians,left_IFGorb,1,-2.27359557151794
sub-09,logicians,left_IFGorb,1,2.87341785430908
sub-10,logicians,left_IFGorb,1,1.94130688905716
sub-14,logicians,left_IFGorb,1,1.27713370323181
sub-16,logicians,left_IFGorb,1,0.646302372217178
sub-17,logicians,left_IFGorb,1,4.72127497196198
sub-18,logicians,left_IFGorb,1,0.20744501054287
sub-19,logicians,left_IFGorb,1,4.94530773162842
sub-21,logicians,left_IFGorb,1,3.35980486869812
sub-03,logicians,left_IFGorb,2,5.45850205421448
sub-06,logicians,left_IFGorb,2,4.67329895496368
sub-07,logicians,left_IFGorb,2,2.8240157365799
sub-08,logicians,left_IFGorb,2,-2.9950595498085
sub-09,logicians,left_IFGorb,2,2.64501744508743
sub-10,logicians,left_IFGorb,2,0.988914608955383
sub-14,logicians,left_IFGorb,2,0.565788611769676
sub-16,logicians,left_IFGorb,2,0.568551078438759
sub-17,logicians,left_IFGorb,2,2.7077984213829
sub-18,logicians,left_IFGorb,2,0.516827881336212
sub-19,logicians,left_IFGorb,2,6.04881072044373
sub-21,logicians,left_IFGorb,2,4.06436610221863
sub-03,logicians,left_IFGorb,3,5.43118834495544
sub-06,logicians,left_IFGorb,3,4.50395369529724
sub-07,logicians,left_IFGorb,3,3.1557149887085
sub-08,logicians,left_IFGorb,3,-1.97235685586929
sub-09,logicians,left_IFGorb,3,3.63538718223572
sub-10,logicians,left_IFGorb,3,1.21813833713531
sub-14,logicians,left_IFGorb,3,1.87047326564789
sub-16,logicians,left_IFGorb,3,0.681051984429359
sub-17,logicians,left_IFGorb,3,9.05741739273071
sub-18,logicians,left_IFGorb,3,0.445496767759323
sub-19,logicians,left_IFGorb,3,6.29173231124878
sub-21,logicians,left_IFGorb,3,1.85659021139145
sub-03,logicians,left_IFGorb,4,10.325888633728
sub-06,logicians,left_IFGorb,4,5.46550166606903
sub-07,logicians,left_IFGorb,4,2.30929145962
sub-08,logicians,left_IFGorb,4,0.882886201143265
sub-09,logicians,left_IFGorb,4,2.67729437351227
sub-10,logicians,left_IFGorb,4,3.33738017082214
sub-14,logicians,left_IFGorb,4,1.91877603530884
sub-16,logicians,left_IFGorb,4,1.81616014242172
sub-17,logicians,left_IFGorb,4,7.37030553817749
sub-18,logicians,left_IFGorb,4,1.6195028051734
sub-19,logicians,left_IFGorb,4,5.91054701805115
sub-21,logicians,left_IFGorb,4,5.55112457275391
sub-03,logicians,left_IFGorb,5,10.9009802341461
sub-06,logicians,left_IFGorb,5,3.85310876369476
sub-07,logicians,left_IFGorb,5,3.85875332355499
sub-08,logicians,left_IFGorb,5,-0.407033830881119
sub-09,logicians,left_IFGorb,5,2.51346397399902
sub-10,logicians,left_IFGorb,5,1.89700353145599
sub-14,logicians,left_IFGorb,5,2.45526611804962
sub-16,logicians,left_IFGorb,5,2.08586299419403
sub-17,logicians,left_IFGorb,5,12.5897526741028
sub-18,logicians,left_IFGorb,5,-0.025481104850769
sub-19,logicians,left_IFGorb,5,6.60195589065552
sub-21,logicians,left_IFGorb,5,5.08294653892517
sub-03,logicians,left_IFGorb,6,5.68354326486588
sub-06,logicians,left_IFGorb,6,6.32035779953003
sub-07,logicians,left_IFGorb,6,1.4351604282856
sub-08,logicians,left_IFGorb,6,-2.50990676879883
sub-09,logicians,left_IFGorb,6,2.04816472530365
sub-10,logicians,left_IFGorb,6,1.78942602872849
sub-14,logicians,left_IFGorb,6,2.53808629512787
sub-16,logicians,left_IFGorb,6,2.89859795570374
sub-17,logicians,left_IFGorb,6,8.86257982254028
sub-18,logicians,left_IFGorb,6,-0.748472854495049
sub-19,logicians,left_IFGorb,6,5.82353496551514
sub-21,logicians,left_IFGorb,6,3.9360386133194
sub-01,controls,left_ATP,1,0.268621623516083
sub-02,controls,left_ATP,1,-0.816134944558144
sub-05,controls,left_ATP,1,4.66831135749817
sub-11,controls,left_ATP,1,3.46751642227173
sub-12,controls,left_ATP,1,-2.947116792202
sub-13,controls,left_ATP,1,0.745995484292507
sub-15,controls,left_ATP,1,-1.58004632592201
sub-20,controls,left_ATP,1,12.3262042999268
sub-22,controls,left_ATP,1,-0.667749732732773
sub-23,controls,left_ATP,1,8.58276128768921
sub-24,controls,left_ATP,1,4.92360329627991
sub-25,controls,left_ATP,1,3.33175873756409
sub-01,controls,left_ATP,2,-1.50192093849182
sub-02,controls,left_ATP,2,-0.0962129831314087
sub-05,controls,left_ATP,2,6.28428530693054
sub-11,controls,left_ATP,2,4.52003479003906
sub-12,controls,left_ATP,2,-2.0554832816124
sub-13,controls,left_ATP,2,-0.0263257622718811
sub-15,controls,left_ATP,2,2.57463786005974
sub-20,controls,left_ATP,2,13.599250793457
sub-22,controls,left_ATP,2,-1.41038092970848
sub-23,controls,left_ATP,2,9.85102891921997
sub-24,controls,left_ATP,2,8.38100481033325
sub-25,controls,left_ATP,2,4.24836456775665
sub-01,controls,left_ATP,3,0.706248734146357
sub-02,controls,left_ATP,3,0.519674275070429
sub-05,controls,left_ATP,3,3.97274053096771
sub-11,controls,left_ATP,3,5.37357592582703
sub-12,controls,left_ATP,3,-3.75455820560455
sub-13,controls,left_ATP,3,1.45810109376907
sub-15,controls,left_ATP,3,-1.9991734996438
sub-20,controls,left_ATP,3,12.3347234725952
sub-22,controls,left_ATP,3,-2.28263056278229
sub-23,controls,left_ATP,3,8.88606357574463
sub-24,controls,left_ATP,3,7.91738677024841
sub-25,controls,left_ATP,3,3.14224606752396
sub-01,controls,left_ATP,4,3.28584539890289
sub-02,controls,left_ATP,4,4.90884041786194
sub-05,controls,left_ATP,4,7.28735566139221
sub-11,controls,left_ATP,4,8.64579892158508
sub-12,controls,left_ATP,4,-0.393483951687813
sub-13,controls,left_ATP,4,3.95300620794296
sub-15,controls,left_ATP,4,6.08963871002197
sub-20,controls,left_ATP,4,15.5388927459717
sub-22,controls,left_ATP,4,3.4316371679306
sub-23,controls,left_ATP,4,11.8538980484009
sub-24,controls,left_ATP,4,9.35276365280151
sub-25,controls,left_ATP,4,8.77178478240967
sub-01,controls,left_ATP,5,4.39136242866516
sub-02,controls,left_ATP,5,6.68492126464844
sub-05,controls,left_ATP,5,6.37005162239075
sub-11,controls,left_ATP,5,7.1560537815094
sub-12,controls,left_ATP,5,1.38279539346695
sub-13,controls,left_ATP,5,4.87604570388794
sub-15,controls,left_ATP,5,4.75729322433472
sub-20,controls,left_ATP,5,15.8951005935669
sub-22,controls,left_ATP,5,2.10041266679764
sub-23,controls,left_ATP,5,11.3662190437317
sub-24,controls,left_ATP,5,9.24296712875366
sub-25,controls,left_ATP,5,10.350784778595
sub-01,controls,left_ATP,6,1.82107070088387
sub-02,controls,left_ATP,6,2.29498833417892
sub-05,controls,left_ATP,6,6.6019287109375
sub-11,controls,left_ATP,6,5.68301320075989
sub-12,controls,left_ATP,6,0.56123973429203
sub-13,controls,left_ATP,6,3.66245019435883
sub-15,controls,left_ATP,6,5.00604653358459
sub-20,controls,left_ATP,6,15.9531922340393
sub-22,controls,left_ATP,6,0.174634955823421
sub-23,controls,left_ATP,6,14.1146502494812
sub-24,controls,left_ATP,6,7.22316431999207
sub-25,controls,left_ATP,6,7.04725790023804
sub-03,logicians,left_ATP,1,4.57167482376099
sub-06,logicians,left_ATP,1,10.8406176567078
sub-07,logicians,left_ATP,1,2.84238255023956
sub-08,logicians,left_ATP,1,2.14471888542175
sub-09,logicians,left_ATP,1,1.7046315073967
sub-10,logicians,left_ATP,1,0.137923344969749
sub-14,logicians,left_ATP,1,1.50372457504272
sub-16,logicians,left_ATP,1,0.196677297353745
sub-17,logicians,left_ATP,1,-3.12838137149811
sub-18,logicians,left_ATP,1,-1.86250865459442
sub-19,logicians,left_ATP,1,7.64033389091492
sub-21,logicians,left_ATP,1,10.7168574333191
sub-03,logicians,left_ATP,2,4.19077289104462
sub-06,logicians,left_ATP,2,12.3422589302063
sub-07,logicians,left_ATP,2,3.89137196540833
sub-08,logicians,left_ATP,2,2.82438182830811
sub-09,logicians,left_ATP,2,1.10555928945541
sub-10,logicians,left_ATP,2,0.349436298012733
sub-14,logicians,left_ATP,2,0.863917633891106
sub-16,logicians,left_ATP,2,-0.177782535552979
sub-17,logicians,left_ATP,2,-2.36614448577166
sub-18,logicians,left_ATP,2,0.211995908990502
sub-19,logicians,left_ATP,2,8.48126697540283
sub-21,logicians,left_ATP,2,12.0608057975769
sub-03,logicians,left_ATP,3,2.04415965080261
sub-06,logicians,left_ATP,3,12.0712599754333
sub-07,logicians,left_ATP,3,6.38906240463257
sub-08,logicians,left_ATP,3,0.874217107892036
sub-09,logicians,left_ATP,3,1.08704772591591
sub-10,logicians,left_ATP,3,1.59980797767639
sub-14,logicians,left_ATP,3,1.7323814034462
sub-16,logicians,left_ATP,3,-0.262822031974792
sub-17,logicians,left_ATP,3,-2.99474400281906
sub-18,logicians,left_ATP,3,-1.41942700743675
sub-19,logicians,left_ATP,3,6.30823826789856
sub-21,logicians,left_ATP,3,13.6538496017456
sub-03,logicians,left_ATP,4,7.69814133644104
sub-06,logicians,left_ATP,4,12.950927734375
sub-07,logicians,left_ATP,4,9.808762550354
sub-08,logicians,left_ATP,4,6.70103788375854
sub-09,logicians,left_ATP,4,4.84609961509705
sub-10,logicians,left_ATP,4,1.49221577122808
sub-14,logicians,left_ATP,4,4.97073900699615
sub-16,logicians,left_ATP,4,3.50577235221863
sub-17,logicians,left_ATP,4,-0.0206027030944824
sub-18,logicians,left_ATP,4,1.06188145279884
sub-19,logicians,left_ATP,4,16.3629503250122
sub-21,logicians,left_ATP,4,16.5596990585327
sub-03,logicians,left_ATP,5,6.43737578392029
sub-06,logicians,left_ATP,5,14.3056182861328
sub-07,logicians,left_ATP,5,10.4953169822693
sub-08,logicians,left_ATP,5,6.86470413208008
sub-09,logicians,left_ATP,5,4.14234018325806
sub-10,logicians,left_ATP,5,0.537126606330276
sub-14,logicians,left_ATP,5,5.54443335533142
sub-16,logicians,left_ATP,5,3.46528303623199
sub-17,logicians,left_ATP,5,3.28999662399292
sub-18,logicians,left_ATP,5,-1.48775327205658
sub-19,logicians,left_ATP,5,17.1863880157471
sub-21,logicians,left_ATP,5,18.7516994476318
sub-03,logicians,left_ATP,6,3.67175909131765
sub-06,logicians,left_ATP,6,14.8400559425354
sub-07,logicians,left_ATP,6,7.4042022228241
sub-08,logicians,left_ATP,6,4.74863576889038
sub-09,logicians,left_ATP,6,1.16591429710388
sub-10,logicians,left_ATP,6,2.06061464548111
sub-14,logicians,left_ATP,6,3.2673681974411
sub-16,logicians,left_ATP,6,4.98792171478271
sub-17,logicians,left_ATP,6,0.637496426701546
sub-18,logicians,left_ATP,6,-2.11878395080566
sub-19,logicians,left_ATP,6,16.0095062255859
sub-21,logicians,left_ATP,6,12.6911215782166
sub-01,controls,left_AG,1,-0.501854538917542
sub-02,controls,left_AG,1,-0.14404160156846
sub-05,controls,left_AG,1,-0.199525728821754
sub-11,controls,left_AG,1,-7.32178044319153
sub-12,controls,left_AG,1,-2.90368799865246
sub-13,controls,left_AG,1,-9.36713814735413
sub-15,controls,left_AG,1,3.22607833147049
sub-20,controls,left_AG,1,1.4438915848732
sub-22,controls,left_AG,1,-5.71012544631958
sub-23,controls,left_AG,1,0.913765966892242
sub-24,controls,left_AG,1,-3.86145746707916
sub-25,controls,left_AG,1,-1.92773145437241
sub-01,controls,left_AG,2,-1.15717732906342
sub-02,controls,left_AG,2,-3.67140173912048
sub-05,controls,left_AG,2,-4.65527951717377
sub-11,controls,left_AG,2,-4.83994114398956
sub-12,controls,left_AG,2,-1.21748852729797
sub-13,controls,left_AG,2,-4.10849213600159
sub-15,controls,left_AG,2,1.30093097686768
sub-20,controls,left_AG,2,1.79304569959641
sub-22,controls,left_AG,2,-6.59212827682495
sub-23,controls,left_AG,2,0.0307004824280739
sub-24,controls,left_AG,2,-4.40290880203247
sub-25,controls,left_AG,2,-3.83796989917755
sub-01,controls,left_AG,3,-2.06840908527374
sub-02,controls,left_AG,3,-2.22042303532362
sub-05,controls,left_AG,3,-4.35272884368896
sub-11,controls,left_AG,3,-6.04458069801331
sub-12,controls,left_AG,3,-2.87334716320038
sub-13,controls,left_AG,3,-7.27760457992554
sub-15,controls,left_AG,3,-0.126887604594231
sub-20,controls,left_AG,3,2.88576984405518
sub-22,controls,left_AG,3,-7.18676733970642
sub-23,controls,left_AG,3,-3.41419267654419
sub-24,controls,left_AG,3,-5.46301817893982
sub-25,controls,left_AG,3,-2.90747427940369
sub-01,controls,left_AG,4,2.12805378437042
sub-02,controls,left_AG,4,-1.41122096776962
sub-05,controls,left_AG,4,-1.88839683681726
sub-11,controls,left_AG,4,-1.16987818479538
sub-12,controls,left_AG,4,1.76210191845894
sub-13,controls,left_AG,4,-5.84622740745544
sub-15,controls,left_AG,4,-0.264825940132141
sub-20,controls,left_AG,4,4.17432188987732
sub-22,controls,left_AG,4,-1.89033837616444
sub-23,controls,left_AG,4,4.09647488594055
sub-24,controls,left_AG,4,-2.14147083461285
sub-25,controls,left_AG,4,0.629264533519745
sub-01,controls,left_AG,5,-1.21973618865013
sub-02,controls,left_AG,5,-3.16379714012146
sub-05,controls,left_AG,5,-1.26047053188086
sub-11,controls,left_AG,5,-4.01416182518005
sub-12,controls,left_AG,5,5.82674384117126
sub-13,controls,left_AG,5,-7.72731900215149
sub-15,controls,left_AG,5,1.3739632666111
sub-20,controls,left_AG,5,5.50612318515778
sub-22,controls,left_AG,5,-5.26213848590851
sub-23,controls,left_AG,5,4.55758619308472
sub-24,controls,left_AG,5,-4.07457756996155
sub-25,controls,left_AG,5,3.97074639797211
sub-01,controls,left_AG,6,-2.2778183221817
sub-02,controls,left_AG,6,-1.27072894573212
sub-05,controls,left_AG,6,-5.5302402973175
sub-11,controls,left_AG,6,-4.71414756774902
sub-12,controls,left_AG,6,2.8180096745491
sub-13,controls,left_AG,6,-5.30282998085022
sub-15,controls,left_AG,6,2.7371067404747
sub-20,controls,left_AG,6,2.72816050052643
sub-22,controls,left_AG,6,-3.51689946651459
sub-23,controls,left_AG,6,-0.547836124897003
sub-24,controls,left_AG,6,-3.14509522914886
sub-25,controls,left_AG,6,-2.86961233615875
sub-03,logicians,left_AG,1,-0.300298804417253
sub-06,logicians,left_AG,1,-1.99748936295509
sub-07,logicians,left_AG,1,-2.12692070007324
sub-08,logicians,left_AG,1,-0.535539239645004
sub-09,logicians,left_AG,1,-1.41183838248253
sub-10,logicians,left_AG,1,0.320137441158295
sub-14,logicians,left_AG,1,-2.4798883497715
sub-16,logicians,left_AG,1,-2.70028173923492
sub-17,logicians,left_AG,1,-2.64673608541489
sub-18,logicians,left_AG,1,2.36123818159103
sub-19,logicians,left_AG,1,1.35910487174988
sub-21,logicians,left_AG,1,7.49865531921387
sub-03,logicians,left_AG,2,0.588837206363678
sub-06,logicians,left_AG,2,-1.8660831078887
sub-07,logicians,left_AG,2,1.03763881325722
sub-08,logicians,left_AG,2,-0.00678122043609619
sub-09,logicians,left_AG,2,-1.1262235045433
sub-10,logicians,left_AG,2,-0.253204613924026
sub-14,logicians,left_AG,2,-4.44408082962036
sub-16,logicians,left_AG,2,-1.03763398528099
sub-17,logicians,left_AG,2,-1.6627394258976
sub-18,logicians,left_AG,2,2.2588499262929
sub-19,logicians,left_AG,2,-0.367795944213867
sub-21,logicians,left_AG,2,7.86382174491882
sub-03,logicians,left_AG,3,-1.07048970460892
sub-06,logicians,left_AG,3,-1.35226422548294
sub-07,logicians,left_AG,3,-2.97406679391861
sub-08,logicians,left_AG,3,-3.31774599477649
sub-09,logicians,left_AG,3,-1.35378339886665
sub-10,logicians,left_AG,3,-4.28386092185974
sub-14,logicians,left_AG,3,-3.65749537944794
sub-16,logicians,left_AG,3,-4.23493897914886
sub-17,logicians,left_AG,3,-1.39802721887827
sub-18,logicians,left_AG,3,2.62169015407562
sub-19,logicians,left_AG,3,-1.53658053278923
sub-21,logicians,left_AG,3,7.17029118537903
sub-03,logicians,left_AG,4,7.29958772659302
sub-06,logicians,left_AG,4,0.016752615571022
sub-07,logicians,left_AG,4,1.51173341274261
sub-08,logicians,left_AG,4,5.16029858589172
sub-09,logicians,left_AG,4,-0.0545501708984375
sub-10,logicians,left_AG,4,4.83470511436462
sub-14,logicians,left_AG,4,1.66095018014312
sub-16,logicians,left_AG,4,0.592348963022232
sub-17,logicians,left_AG,4,4.70928490161896
sub-18,logicians,left_AG,4,3.69195151329041
sub-19,logicians,left_AG,4,2.39298877120018
sub-21,logicians,left_AG,4,8.51133251190186
sub-03,logicians,left_AG,5,6.37197732925415
sub-06,logicians,left_AG,5,1.962273478508
sub-07,logicians,left_AG,5,6.05939388275146
sub-08,logicians,left_AG,5,3.00950229167938
sub-09,logicians,left_AG,5,0.949515674263239
sub-10,logicians,left_AG,5,6.49661636352539
sub-14,logicians,left_AG,5,4.30876350402832
sub-16,logicians,left_AG,5,2.99225974082947
sub-17,logicians,left_AG,5,5.17091464996338
sub-18,logicians,left_AG,5,5.01375246047974
sub-19,logicians,left_AG,5,4.75523579120636
sub-21,logicians,left_AG,5,11.4880418777466
sub-03,logicians,left_AG,6,-0.33821702003479
sub-06,logicians,left_AG,6,-1.19326557219028
sub-07,logicians,left_AG,6,-0.60282526910305
sub-08,logicians,left_AG,6,-1.36563172191381
sub-09,logicians,left_AG,6,-3.06117904186249
sub-10,logicians,left_AG,6,3.87375271320343
sub-14,logicians,left_AG,6,0.815527945756912
sub-16,logicians,left_AG,6,3.51352286338806
sub-17,logicians,left_AG,6,-0.428013481199741
sub-18,logicians,left_AG,6,10.3666491508484
sub-19,logicians,left_AG,6,-1.23188430070877
sub-21,logicians,left_AG,6,9.53762578964233
